[
  {
    "teamName": "Bad Time",
    "members": [
      "BT〆GREYACKYT",
      "TXS・VANIX",
      "BT〆FoX",
      "MASSACREŪ"
    ],
    "time": "8pm and 10pm Room Matches",
    "pool": "POOL-B",
    "tpoints": 6
  },
  {
    "teamName": "KillerBeast",
    "members": [
      "KBxJunAiD",
      "KBxJenni",
      "KBxGoluOP",
      "KBxVEGETA"
    ],
    "time": "7pm and 9pm Room Matches",
    "pool": "POOL-A",
    "tpoints": 0
  },
  {
    "teamName": "INVERSE",
    "members": [
      "INVxDelTa",
      "INVxChaRlie",
      "INVxZekEndYT",
      "INVxBRUTAL"
    ],
    "time": "8pm and 10pm Room Matches",
    "pool": "POOL-B",
    "tpoints": 7
  },
  {
    "teamName": "Team Lethal Beasts",
    "members": [
      "GāRRyī0Pī",
      "BàrnaĪOP",
      "Killermf16",
      "SterbenOP ",
      "jellybeanツ"
    ],
    "time": "7pm and 9pm Room Matches",
    "pool": "POOL-A",
    "tpoints": 1
  },
  {
    "teamName": "THE VAMPIRE DIARIES \"TVD\"",
    "members": [
      "ＳＴＥＦ么Ｎ",
      "Ｄ么ＭＯＮ",
      "CXDAMON"
    ],
    "time": "8pm and 10pm Room Matches",
    "pool": "POOL-B",
    "tpoints": 0
  },
  {
    "teamName": "V R 4",
    "members": [
      "NoICYOp",
      "V R 4 DemiGOD",
      "VR4 SPIDEY ",
      "blood shoot",
      "Ms mintyop"
    ],
    "time": "7pm and 9pm Room Matches",
    "pool": "POOL-A",
    "tpoints": 11
  },
  {
    "teamName": "X69",
    "members": [
      "X69 • Kakarot",
      "X69 • Vegeta ",
      "X69 • Beerus",
      "X69 • broly",
      "X69 • Gohan"
    ],
    "time": "8pm and 10pm Room Matches",
    "pool": "POOL-B",
    "tpoints": 19
  },
  {
    "teamName": "LORD FRAGEERS (LF)",
    "members": [
      "R K • K I N G",
      "LF丶ＮＩＮＪＡ",
      "LF丶ＨＵ L K",
      "LF丶ＳＡＨＩＲ",
      "RPR๛乙U尺"
    ],
    "time": "7pm and 9pm Room Matches",
    "pool": "POOL-A",
    "tpoints": 0
  },
  {
    "teamName": "Mahabharat£",
    "members": [
      "WD々NOBI͜͡TA",
      "WD々WO͜͡ODY",
      "Mɮ々KRiSHna",
      "WD々ZI͜͡YAN",
      "9litidiot"
    ],
    "time": "8pm and 10pm Room Matches",
    "pool": "POOL-B",
    "tpoints": 0
  },
  {
    "teamName": "Havoc",
    "members": [
      "HavocAresŪ",
      "HavocMegaTron",
      "line么Golden",
      "mr奈jaat"
    ],
    "time": "7pm and 9pm Room Matches",
    "pool": "POOL-A",
    "tpoints": 0
  },
  {
    "teamName": "Gladiatorz",
    "members": [
      "Manhas25YT",
      "XM丨AYUSHū",
      "乛亗RAVAN乄",
      "TSMentAINEE",
      "XC乄『GOKU』"
    ],
    "time": "8pm and 10pm Room Matches",
    "pool": "POOL-B",
    "tpoints": 1
  },
  {
    "teamName": "kraxesports",
    "members": [
      "KRAxÑéøñ",
      "kraxmonster",
      "kraxaddy ",
      "kraxtyson",
      "BrockLesner26"
    ],
    "time": "7pm and 9pm Room Matches",
    "pool": "POOL-A",
    "tpoints": 0
  },
  {
    "teamName": "YNOT",
    "members": [
      "YNOT๛PRANITH",
      "YNOT๛ROGAN",
      "YNOT๛NOVA",
      "YNOT๛ROSHAN",
      "YNOT๛BENZERū"
    ],
    "time": "8pm and 10pm Room Matches",
    "pool": "POOL-B",
    "tpoints": 22
  },
  {
    "teamName": "Devil",
    "members": [
      "Devil”king",
      "Devil”queen",
      "Hunt”Rambo",
      "Devil “Tom",
      "OtakuModROMAN"
    ],
    "time": "7pm and 9pm Room Matches",
    "pool": "POOL-A",
    "tpoints": 1
  },
  {
    "teamName": "MÜTÅNT",
    "members": [
      "MÜTÅNT彡STG",
      "MÜTÅNT彡Yaam",
      "MÜTÅNT彡Sam",
      "MÜTÅNT彡Razz"
    ],
    "time": "8pm and 10pm Room Matches",
    "pool": "POOL-B",
    "tpoints": 0
  },
  {
    "teamName": "INFINITY ",
    "members": [
      "INFxIMPOSTER",
      "INFxLONEWOlF",
      "INFxAvi",
      "INFxVibe",
      "INFxＷeｉRｄＯ"
    ],
    "time": "7pm and 9pm Room Matches",
    "pool": "POOL-A",
    "tpoints": 0
  },
  {
    "teamName": "BAYMAX",
    "members": [
      "OTAKU火RELIC",
      "OTAKU火ÃLFÂQ",
      "ÇHRØÑÕ々BS",
      "juniorDARKside",
      "OTAKU火SJyt"
    ],
    "time": "8pm and 10pm Room Matches",
    "pool": "POOL-B",
    "tpoints": 1
  },
  {
    "teamName": "INFINITY ELITES",
    "members": [
      "INFxCLUTCHOP",
      "INFxNayanOP",
      "INFxBrutaL",
      "INFxVorteX",
      "INFxClouD"
    ],
    "time": "7pm and 9pm Room Matches",
    "pool": "POOL-A",
    "tpoints": 20
  },
  {
    "teamName": "Infamous Jokers",
    "members": [
      "MAX・『CRUSH』",
      "BLÂÇK乄LUCI",
      "《Åʂhʍe》",
      "ɴaughtyɴaidu"
    ],
    "time": "8pm and 10pm Room Matches",
    "pool": "POOL-B",
    "tpoints": 1
  },
  {
    "teamName": "Team Oggy",
    "members": [
      "・ＡＣＩＤ・",
      "๛ＳAＨＩL",
      "OneKD",
      "やTANGOや",
      "やīTHANOSīや"
    ],
    "time": "7pm and 9pm Room Matches",
    "pool": "POOL-A",
    "tpoints": 6
  },
  {
    "teamName": "Killer",
    "members": [
      "killarkp02",
      "killarkp001",
      "KILLERPS0011"
    ],
    "time": "8pm and 10pm Room Matches",
    "pool": "POOL-B",
    "tpoints": 0
  },
  {
    "teamName": "Stoners",
    "members": [
      "【TNG】JOCKER",
      "KicCha乄NAVEEN",
      "ROCKYOP",
      "『BLZ』GARUDA",
      "TC个GHOST"
    ],
    "time": "7pm and 9pm Room Matches",
    "pool": "POOL-A",
    "tpoints": 20
  },
  {
    "teamName": "i2i",
    "members": [
      "i2iīCÒVID19",
      "i2ixīSTØRM",
      "i2ixīrush",
      "i2iīSçöût"
    ],
    "time": "8pm and 10pm Room Matches",
    "pool": "POOL-B",
    "tpoints": 2
  },
  {
    "teamName": "Team OP",
    "members": [
      "ROCKETヅJACKPA",
      "KUNALēOP",
      "MANUēOP",
      "ShekharOP",
      "AVIRALēOP"
    ],
    "time": "7pm and 9pm Room Matches",
    "pool": "POOL-A",
    "tpoints": 6
  },
  {
    "teamName": "TFxWIZARD",
    "members": [
      "TFXUTKARSH",
      "TFxPLAYBOY",
      "TFxWIZARD",
      "ASASIN ISRAEL",
      "MungeriBrolyOp"
    ],
    "time": "8pm and 10pm Room Matches",
    "pool": "POOL-B",
    "tpoints": 6
  },
  {
    "teamName": "Rcb Esports",
    "members": [
      "RCBesŻBOSS",
      "RvTech",
      "GamingMsYTū",
      "亗『RAVANミabh",
      "SEASONSGAMER"
    ],
    "time": "7pm and 9pm Room Matches",
    "pool": "POOL-A",
    "tpoints": 0
  },
  {
    "teamName": "MM",
    "members": [
      "MM父ASSASSIN",
      "MM父ARCHIT",
      "MM父SARTHAK",
      "BalThakerayOP",
      "MM父RaNgErOP"
    ],
    "time": "8pm and 10pm Room Matches",
    "pool": "POOL-B",
    "tpoints": 19
  },
  {
    "teamName": "Teamfox",
    "members": [
      "TeamFoX・Apex",
      "P I L O T",
      "《S亞maj๏ʀ》",
      "HEAD×hunteR",
      "Ash・ketchum"
    ],
    "time": "7pm and 9pm Room Matches",
    "pool": "POOL-A",
    "tpoints": 0
  },
  {
    "teamName": "DEADLY BOIZ",
    "members": [
      "ÐB丨OROgamIng",
      "ÐB丨LEGENDx",
      " ÐB丨Micɾo乛",
      "ÐB丨ANOJ",
      "ÐB丨DesTroo乛"
    ],
    "time": "8pm and 10pm Room Matches",
    "pool": "POOL-B",
    "tpoints": 0
  },
  {
    "teamName": "V R 4(Team 2)",
    "members": [
      " V R 4 ANSON",
      "VR4 JINGA",
      ".LZ SKULL OP",
      "KL GROOT"
    ],
    "time": "7pm and 9pm Room Matches",
    "pool": "POOL-A",
    "tpoints": 6
  },
  {
    "teamName": "RDX",
    "members": [
      "RdxツVicky",
      "RdxツYamraaj",
      "RdxツHULK",
      "RdxツLucky"
    ],
    "time": "8pm and 10pm Room Matches",
    "pool": "POOL-B",
    "tpoints": 1
  },
  {
    "teamName": "OTAKU",
    "members": [
      "OTAKU火ZORO",
      "OTAKU火JUNNU",
      "OTAKU火RYUK",
      "OTAKU火Rayuga",
      "OTAKU火KRATOS"
    ],
    "time": "7pm and 9pm Room Matches",
    "pool": "POOL-A",
    "tpoints": 5
  },
  {
    "teamName": "GERO",
    "members": [
      "Gero艾RAkeSH",
      "Gero艾abhijeet",
      "Gero艾AMAR",
      "GeRo艾BaBa"
    ],
    "time": "8pm and 10pm Room Matches",
    "pool": "POOL-B",
    "tpoints": 1
  },
  {
    "teamName": "NOOB",
    "members": [
      "NOOB HELLSON",
      " NOOB CHARLIE ",
      "NOOB AKASH",
      "SPYDER NINJA "
    ],
    "time": "7pm and 9pm Room Matches",
    "pool": "POOL-A",
    "tpoints": 5
  },
  {
    "teamName": "Kar98",
    "members": [
      "Kar98 Soharab",
      "Kar98 Faizan",
      "Kar98 Sam",
      "Kar98 Faiz"
    ],
    "time": "8pm and 10pm Room Matches",
    "pool": "POOL-B",
    "tpoints": 5
  },
  {
    "teamName": "STORMS",
    "members": [
      "匚۝丂爪丨Ç",
      "INFxPirate",
      "INFxZeher",
      "INFxDELROY",
      "INFxANSON"
    ],
    "time": "7pm and 9pm Room Matches",
    "pool": "POOL-A",
    "tpoints": 0
  },
  {
    "teamName": "Ultra",
    "members": [
      "UltraAngel",
      "UltraNishant",
      "MungeriYajat"
    ],
    "time": "8pm and 10pm Room Matches",
    "pool": "POOL-B",
    "tpoints": 0
  },
  {
    "teamName": "i2i-2",
    "members": [
      "i2ixhéçk",
      "i2ixWhiteLock",
      "i2ixDRONZER",
      "i2ixPIGEON"
    ],
    "time": "7pm and 9pm Room Matches",
    "pool": "POOL-A",
    "tpoints": 15
  },
  {
    "teamName": "LeagueX",
    "members": [
      "FDĪIRIZ",
      "FLOPSamNotOP",
      "T爪Ｋ笑ŠTØRM",
      "T爪Ｋ笑BaCaRdi",
      "ＭＡＬＩＫyt"
    ],
    "time": "8pm and 10pm Room Matches",
    "pool": "POOL-B",
    "tpoints": 9
  },
  {
    "teamName": "DP ROVERS ",
    "members": [
      "ĐPシHÅRRY",
      "ĐPシÑØS",
      "ĐPシRÊBÊL",
      "ĐPシJÅMŠ"
    ],
    "time": "7pm and 9pm Room Matches",
    "pool": "POOL-A",
    "tpoints": 0
  }
]