[
  {
    "teamName": "Team df",
    "members": [
      "ROG4R",
      "NIKHIL",
      "XorNISARG",
      "WARMACHINE",
      "XorAres"
    ],
    "time": "7pm and 9pm Room Matches",
    "pool": "POOL-A"
  },
  {
    "teamName": "TEAM TOXIC",
    "members": [
      "VÏPER乡DELTA ",
      "X・YoTic",
      "ūRaYuGAū",
      "T4E・HeLLboYū",
      "ASTROxxCaPtain"
    ],
    "time": "7pm and 9pm Room Matches",
    "pool": "POOL-A"
  },
  {
    "teamName": "🔥THE۝RAGE🔥",
    "members": [
      "RAGE۝MUFASA",
      "RAGE۝MARCOS",
      "RAGE۝REAPER",
      "STAR乡HeLL",
      "RAGE۝BEAST"
    ],
    "time": "8pm and 10pm Room Matches",
    "pool": "POOL-A"
  },
  {
    "teamName": "X69",
    "members": [
      "X69 • KakarotOP",
      "X69 • Vegeta",
      "UltraSpeedOP",
      "24×7 • Beerus"
    ],
    "time": "7pm and 9pm Room Matches",
    "pool": "POOL-A"
  },
  {
    "teamName": "TEAM WP(WolfPack)",
    "members": [
      "MrPLannister",
      "SumukhJahagir",
      "WP×HARSHA",
      "KA50xSuhašOP",
      "CLSえGHøUL"
    ],
    "time": "8pm and 10pm Room Matches",
    "pool": "POOL-A"
  },
  {
    "teamName": "SOUL",
    "members": [
      "MɑRcOSツAkash",
      "MɑRcOSツpro",
      "KuNal0P",
      "ROCKKETヅDON",
      "SHeKHAr"
    ],
    "time": "8pm and 10pm Room Matches",
    "pool": "POOL-A"
  },
  {
    "teamName": "MVP",
    "members": [
      "ＶＩＳＨ么Ｌ",
      "ＮＩ乙么Ｍ",
      "ＡマＶＩＮＤ",
      "ＢＨ么ＧＡＴＨ",
      "「MVP」乛LOWDA"
    ],
    "time": "8pm and 10pm Room Matches",
    "pool": "POOL-A"
  },
  {
    "teamName": "Ghost riders",
    "members": [
      "Dpunisher",
      "Manchi",
      "Setu",
      "Bleed venom "
    ],
    "time": "8pm and 10pm Room Matches",
    "pool": "POOL-A"
  },
  {
    "teamName": "ŁEGEND ",
    "members": [
      "ŁEGEND々Jatt",
      "HydrasDAD",
      "乃Bloodyfang๏",
      "dragonfloo",
      "PBXLegend2"
    ],
    "time": "8pm and 10pm Room Matches",
    "pool": "POOL-A"
  },
  {
    "teamName": "4WINGS",
    "members": [
      "4WNSxLaseR",
      "4WNSxRED乛ROCK",
      "4WNSxLEGEND",
      "4WNSxJoshBros",
      "4WNSxLION"
    ],
    "time": "7pm and 9pm Room Matches",
    "pool": "POOL-A"
  },
  {
    "teamName": "Team DND",
    "members": [
      "Dnd spider",
      "Dnd gangster",
      "Dnd fragger",
      "Dnd xander"
    ],
    "time": "8pm and 10pm Room Matches",
    "pool": "POOL-A"
  },
  {
    "teamName": "TEAM KERALIANZ ESPORTS",
    "members": [
      "T爪Ｋ笑GÔKÚ",
      "T爪Ｋ笑CARNAGE",
      "T爪Ｋ笑Endavor",
      "T爪Ｋ笑IRIS",
      "T爪Ｋ笑DawnFTW"
    ],
    "time": "7pm and 9pm Room Matches",
    "pool": "POOL-A"
  },
  {
    "teamName": "#JODS",
    "members": [
      "ＣＴ彡BRUTÀL",
      "ツKA乛BARATH",
      "Yaash16",
      "SoEz×shashujc"
    ],
    "time": "7pm and 9pm Room Matches",
    "pool": "POOL-A"
  },
  {
    "teamName": "Miya Bhais",
    "members": [
      "ELAPHE",
      "DF〆ALI",
      "SAツAmAiR",
      "SYEDNADEEM"
    ],
    "time": "8pm and 10pm Room Matches",
    "pool": "POOL-A"
  },
  {
    "teamName": "DEADEYE ",
    "members": [
      "Deadeye乡Beast",
      "Deadeye乡VeRmA",
      "Deadeye乡TLwrG",
      "MrツèVïŁ",
      "November22BD"
    ],
    "time": "7pm and 9pm Room Matches",
    "pool": "POOL-A"
  },
  {
    "teamName": "UNSTOPABLE",
    "members": [
      "ayemaann",
      "RAFXY『OF』》7",
      "Deadeye乡ghost",
      "4HPfahad"
    ],
    "time": "7pm and 9pm Room Matches",
    "pool": "POOL-A"
  },
  {
    "teamName": "RANGERS",
    "members": [
      "父RO么R父",
      "乡JAYANTH亗",
      "×「RONAN」×",
      "么ｒｊｕN"
    ],
    "time": "8pm and 10pm Room Matches",
    "pool": "POOL-A"
  },
  {
    "teamName": "MÜTÅNT",
    "members": [
      "MÜTÅNT彡YaaM",
      "MÜTÅNT彡Razz",
      "MÜTÅNT彡STG",
      "MÜTÅNT彡Sam",
      "MÜTÅNT彡Ahze"
    ],
    "time": "8pm and 10pm Room Matches",
    "pool": "POOL-A"
  },
  {
    "teamName": "INVM",
    "members": [
      "INVMxTABAHI",
      "INVMxHawkOP",
      "INVMxDEVIL",
      "VENOM〤DUBEY亗",
      "VENOM〤VIVEK亗"
    ],
    "time": "7pm and 9pm Room Matches",
    "pool": "POOL-A"
  },
  {
    "teamName": "Alpha",
    "members": [
      "MANISH么KØTÉ",
      "Surajgowda16",
      "SHRENIIK",
      "Zoмʙoʏ",
      "ツVENØMツManu"
    ],
    "time": "7pm and 9pm Room Matches",
    "pool": "POOL-A"
  },
  {
    "teamName": "RHINO",
    "members": [
      "RHINO ANSON",
      "JINGA",
      "DARKX NYX",
      "PUSHPARAJ",
      "PRADEEP"
    ],
    "time": "7pm and 9pm Room Matches",
    "pool": "POOL-A"
  },
  {
    "teamName": "DEATH EATER",
    "members": [
      "kâTîl",
      "Piyushmatta",
      "MRメGHØST",
      "MRメHÖUND",
      "THUGッPythøñ"
    ],
    "time": "7pm and 9pm Room Matches",
    "pool": "POOL-A"
  },
  {
    "teamName": "The skeptics",
    "members": [
      "GhøstxRid£r",
      "HYP女SPIDER",
      "ArshivMasteR",
      "hell07man"
    ],
    "time": "8pm and 10pm Room Matches",
    "pool": "POOL-A"
  },
  {
    "teamName": "KING.SQUAD",
    "members": [
      "KINGxTOXIC",
      "KINGxDAWOOD",
      "Justintrudeau"
    ],
    "time": "8pm and 10pm Room Matches",
    "pool": "POOL-A"
  },
  {
    "teamName": "hawk",
    "members": [
      "Suryansh",
      "Hawk shan",
      "Najmi bhai",
      "Cyber don",
      "Omi"
    ],
    "time": "8pm and 10pm Room Matches",
    "pool": "POOL-A"
  },
  {
    "teamName": "ØP BOYZ",
    "members": [
      "Øp卍AKQUEEN卍",
      "Øp卍ÇHØCO",
      "Øp卍SPARKX",
      "Øp卍NoMercy",
      "Tasty神"
    ],
    "time": "7pm and 9pm Room Matches",
    "pool": "POOL-A"
  },
  {
    "teamName": "4 ANGRY MEN",
    "members": [
      "ASSN๛PRANITH",
      "ROSAPOO",
      "SIN๛Novo",
      "4AM×ROSHAN",
      "D×BENZER"
    ],
    "time": "8pm and 10pm Room Matches",
    "pool": "POOL-A"
  },
  {
    "teamName": "Negative",
    "members": [
      "RØÇKYÔP",
      "kicchaNaveen2",
      "【TNG】JOCKER",
      "Ck marri"
    ],
    "time": "8pm and 10pm Room Matches",
    "pool": "POOL-A"
  },
  {
    "teamName": "DEATH NOTE",
    "members": [
      "Dɳ「ÁRPÎT」",
      "Dɳ「RYUK」",
      "Ｎｏｏ乃",
      "CØBRA》MUKU",
      "彡彡ExWhyZed"
    ],
    "time": "7pm and 9pm Room Matches",
    "pool": "POOL-A"
  },
  {
    "teamName": "VETERANS",
    "members": [
      "VETERANS RAJ",
      "VETERANS AKD",
      "VETERANS ps",
      "VETERANS sonu",
      "PAPA"
    ],
    "time": "8pm and 10pm Room Matches",
    "pool": "POOL-A"
  },
  {
    "teamName": "MM X MUNGERI",
    "members": [
      "MungeriKabir",
      "MungeriBroly",
      "MM父ASSASSIN",
      "MM父RaNgEr",
      "MungeriNatulla"
    ],
    "time": "7pm and 9pm Room Matches",
    "pool": "POOL-A"
  },
  {
    "teamName": "Lobby rushers",
    "members": [
      "TheAFterS",
      "3尺D丨Shreë",
      "늑대īRAGEOP",
      "ÅbhïJëêt",
      "XBiT・SｋULL"
    ],
    "time": "8pm and 10pm Room Matches",
    "pool": "POOL-A"
  },
  {
    "teamName": "Tyrants ESPORTS",
    "members": [
      "Tyrants丨GodYT",
      "B・L・I・T・Z",
      "Tyrants丨Kîng",
      "Tyrants丨JŪD",
      "Tyrants丨Freak"
    ],
    "time": "7pm and 9pm Room Matches",
    "pool": "POOL-A"
  },
  {
    "teamName": "Rdx",
    "members": [
      "RdxッVicky",
      "RdxツHULK",
      "RdxツAnuj",
      "RdxツAbhay"
    ],
    "time": "7pm and 9pm Room Matches",
    "pool": "POOL-A"
  },
  {
    "teamName": "JĶØ2",
    "members": [
      "FBI×VARDHAN",
      "REX VANSH",
      "yamrajnaraksa",
      "Ritesh"
    ],
    "time": "8pm and 10pm Room Matches",
    "pool": "POOL-A"
  },
  {
    "teamName": "Sandhu",
    "members": [
      "丂レ一Sandhu",
      "KS艾AmriT",
      "丂レ一Deol",
      "KAलीनभैYA",
      "GÙRJØT"
    ],
    "time": "7pm and 9pm Room Matches",
    "pool": "POOL-A"
  },
  {
    "teamName": "GHOST",
    "members": [
      "GHOST妥PHANTOM",
      "GHOST妥VIPER",
      "RŪAŪØ",
      "OHHHYeaaaa"
    ],
    "time": "7pm and 9pm Room Matches",
    "pool": "POOL-A"
  },
  {
    "teamName": "KinGs eSports",
    "members": [
      "INYDPeGaOP",
      "亗KinG๛DcяuZ",
      "亗KinG๛ManisH",
      "亗KinG๛Ārv",
      "亗KiinG๛AyusH"
    ],
    "time": "7pm and 9pm Room Matches",
    "pool": "POOL-A"
  },
  {
    "teamName": "DJUNGLEES",
    "members": [
      "DJNaayak",
      "DJKhalNaayak",
      "DJRzNaayak",
      "DJAbhiNaayak",
      "TeriMoutOP"
    ],
    "time": "8pm and 10pm Room Matches",
    "pool": "POOL-A"
  },
  {
    "teamName": "TME",
    "members": [
      "TME・AnkitOP",
      "TME・GhostOp",
      "TME・Arbaaz",
      "DeLhiiPoliCe",
      "INSAnExDeePak"
    ],
    "time": "7pm and 9pm Room Matches",
    "pool": "POOL-A"
  },
  {
    "teamName": "Devil",
    "members": [
      "Devil\"King",
      "Devil'\"emperor",
      "DevilxRambo",
      "Devil\"queen",
      "Devil\"raj"
    ],
    "time": "7pm and 9pm Room Matches",
    "pool": "POOL-A"
  },
  {
    "teamName": "WD clan",
    "members": [
      "WD々WO͜͡ODY",
      "WD々NOBITA",
      "WD々ZIYAN",
      "WD々SIMBA",
      "WD々Shivam"
    ],
    "time": "8pm and 10pm Room Matches",
    "pool": "POOL-A"
  },
  {
    "teamName": "LORD",
    "members": [
      "LORD๛ZAGREUS",
      "LORD๛MAGNUS",
      "LORD๛CHAOS",
      "LORD๛HERMES",
      "PSYCHIC๛RC"
    ],
    "time": "7pm and 9pm Room Matches",
    "pool": "POOL-A"
  },
  {
    "teamName": "OTAKU",
    "members": [
      "OTAKU火ZOR0",
      "OTAKU火RYUK",
      "OTAKU火SLAYER",
      "OTAKU火KRATOS",
      "OTAKU火JUNNU"
    ],
    "time": "8pm and 10pm Room Matches",
    "pool": "POOL-A"
  },
  {
    "teamName": "ASSN",
    "members": [
      "ASSN๛santu",
      "Medalbolte",
      "ASSN๛PRANITH",
      "ASSN๛ANFAS",
      "Asifasi45"
    ],
    "time": "8pm and 10pm Room Matches",
    "pool": "POOL-A"
  },
  {
    "teamName": "XENO",
    "members": [
      "xeno goku",
      "xeno clutch ",
      "xeno rolex op ",
      "xeno vampire"
    ],
    "time": "8pm and 10pm Room Matches",
    "pool": "POOL-A"
  },
  {
    "teamName": "Killer Beast",
    "members": [
      "KbxVEGETA",
      "KbxJUNAID",
      "-KbxYashOP",
      "KBxJenni",
      "KBxMazidOP"
    ],
    "time": "7pm and 9pm Room Matches",
    "pool": "POOL-A"
  },
  {
    "teamName": "suicide squad",
    "members": [
      "OTAKU火STARK69",
      "MUX个GOWDAAA",
      "own£brand",
      "『TSA』FAIZAAN"
    ],
    "time": "8pm and 10pm Room Matches",
    "pool": "POOL-A"
  }
]